{"polyfill":["/polyfill-8cadd1e9b2af345fcfaa.js"],"app":["/app-d78a5ce8e21fe564e8ae.js"],"component---src-pages-404-js":["/component---src-pages-404-js-bef249b8aa8f6b31ca62.js"],"component---src-pages-cases-js":["/component---src-pages-cases-js-7b06c72c34ebad5d1445.js"],"component---src-pages-catalogsd-js":["/component---src-pages-catalogsd-js-0da536330f9b627ab636.js"],"component---src-pages-company-js":["/component---src-pages-company-js-f57293ec07752498c5b2.js"],"component---src-pages-contacts-js":["/component---src-pages-contacts-js-1c357a14ba9740aac059.js"],"component---src-pages-get-price-js":["/component---src-pages-get-price-js-f0a83844e47eadec9226.js"],"component---src-pages-ignored-page-js":["/component---src-pages-ignored-page-js-ee8388a2dc42d8ff627a.js"],"component---src-pages-index-js":["/component---src-pages-index-js-da9ead72fd90357df3c0.js"],"component---src-pages-search-js":["/component---src-pages-search-js-14ec856244e4e9a318e3.js"],"component---src-pages-work-with-us-js":["/component---src-pages-work-with-us-js-e8aba61d83b713b967f4.js"],"component---src-template-catalog-js":["/component---src-template-catalog-js-739927eb48415a4d1194.js"],"component---src-template-materials-js":["/component---src-template-materials-js-3e06a8d60daf98f4d23f.js"],"component---src-template-product-card-js":["/component---src-template-product-card-js-835b2ef7fa414c7febbe.js"]}