{"errors":[],"warnings":[],"namedChunkGroups":{"polyfill":{"chunks":[4,0,20],"assets":["webpack-runtime-84ae519dca20717751b0.js","webpack-runtime-84ae519dca20717751b0.js.map","commons-e5cbb1e6134e16510113.js","commons-e5cbb1e6134e16510113.js.map","polyfill-8cadd1e9b2af345fcfaa.js","polyfill-8cadd1e9b2af345fcfaa.js.map"],"children":{},"childAssets":{}},"app":{"chunks":[4,1,19,5],"assets":["webpack-runtime-84ae519dca20717751b0.js","webpack-runtime-84ae519dca20717751b0.js.map","styles.c4850a17ff1483ea6d57.css","styles-e9d24b1846c7d6eb9685.js","styles-e9d24b1846c7d6eb9685.js.map","framework-ba40f9a3aba7ac20e79d.js","framework-ba40f9a3aba7ac20e79d.js.map","app-d78a5ce8e21fe564e8ae.js","app-d78a5ce8e21fe564e8ae.js.map"],"children":{},"childAssets":{}},"component---src-pages-404-js":{"chunks":[0,6],"assets":["commons-e5cbb1e6134e16510113.js","commons-e5cbb1e6134e16510113.js.map","component---src-pages-404-js-bef249b8aa8f6b31ca62.js","component---src-pages-404-js-bef249b8aa8f6b31ca62.js.map"],"children":{},"childAssets":{}},"component---src-pages-cases-js":{"chunks":[1,0,2,7],"assets":["styles.c4850a17ff1483ea6d57.css","styles-e9d24b1846c7d6eb9685.js","styles-e9d24b1846c7d6eb9685.js.map","commons-e5cbb1e6134e16510113.js","commons-e5cbb1e6134e16510113.js.map","7a0d45ffd9487b199332a9957a50df80c24434c6-6c759295441ab35c32f6.js","7a0d45ffd9487b199332a9957a50df80c24434c6-6c759295441ab35c32f6.js.map","component---src-pages-cases-js-7b06c72c34ebad5d1445.js","component---src-pages-cases-js-7b06c72c34ebad5d1445.js.map"],"children":{},"childAssets":{}},"component---src-pages-catalogsd-js":{"chunks":[1,0,2,8],"assets":["styles.c4850a17ff1483ea6d57.css","styles-e9d24b1846c7d6eb9685.js","styles-e9d24b1846c7d6eb9685.js.map","commons-e5cbb1e6134e16510113.js","commons-e5cbb1e6134e16510113.js.map","7a0d45ffd9487b199332a9957a50df80c24434c6-6c759295441ab35c32f6.js","7a0d45ffd9487b199332a9957a50df80c24434c6-6c759295441ab35c32f6.js.map","component---src-pages-catalogsd-js-0da536330f9b627ab636.js","component---src-pages-catalogsd-js-0da536330f9b627ab636.js.map"],"children":{},"childAssets":{}},"component---src-pages-company-js":{"chunks":[1,0,2,3,9],"assets":["styles.c4850a17ff1483ea6d57.css","styles-e9d24b1846c7d6eb9685.js","styles-e9d24b1846c7d6eb9685.js.map","commons-e5cbb1e6134e16510113.js","commons-e5cbb1e6134e16510113.js.map","7a0d45ffd9487b199332a9957a50df80c24434c6-6c759295441ab35c32f6.js","7a0d45ffd9487b199332a9957a50df80c24434c6-6c759295441ab35c32f6.js.map","0c34514786092e90aee5d92ab90093307bf0e43c-9b952a6d9d0234776559.js","0c34514786092e90aee5d92ab90093307bf0e43c-9b952a6d9d0234776559.js.map","component---src-pages-company-js-f57293ec07752498c5b2.js","component---src-pages-company-js-f57293ec07752498c5b2.js.map"],"children":{},"childAssets":{}},"component---src-pages-contacts-js":{"chunks":[1,0,10],"assets":["styles.c4850a17ff1483ea6d57.css","styles-e9d24b1846c7d6eb9685.js","styles-e9d24b1846c7d6eb9685.js.map","commons-e5cbb1e6134e16510113.js","commons-e5cbb1e6134e16510113.js.map","component---src-pages-contacts-js-1c357a14ba9740aac059.js","component---src-pages-contacts-js-1c357a14ba9740aac059.js.map"],"children":{},"childAssets":{}},"component---src-pages-get-price-js":{"chunks":[1,0,11],"assets":["styles.c4850a17ff1483ea6d57.css","styles-e9d24b1846c7d6eb9685.js","styles-e9d24b1846c7d6eb9685.js.map","commons-e5cbb1e6134e16510113.js","commons-e5cbb1e6134e16510113.js.map","component---src-pages-get-price-js-f0a83844e47eadec9226.js","component---src-pages-get-price-js-f0a83844e47eadec9226.js.map"],"children":{},"childAssets":{}},"component---src-pages-ignored-page-js":{"chunks":[0,12],"assets":["commons-e5cbb1e6134e16510113.js","commons-e5cbb1e6134e16510113.js.map","component---src-pages-ignored-page-js-ee8388a2dc42d8ff627a.js","component---src-pages-ignored-page-js-ee8388a2dc42d8ff627a.js.map"],"children":{},"childAssets":{}},"component---src-pages-index-js":{"chunks":[1,0,2,13],"assets":["styles.c4850a17ff1483ea6d57.css","styles-e9d24b1846c7d6eb9685.js","styles-e9d24b1846c7d6eb9685.js.map","commons-e5cbb1e6134e16510113.js","commons-e5cbb1e6134e16510113.js.map","7a0d45ffd9487b199332a9957a50df80c24434c6-6c759295441ab35c32f6.js","7a0d45ffd9487b199332a9957a50df80c24434c6-6c759295441ab35c32f6.js.map","component---src-pages-index-js-da9ead72fd90357df3c0.js","component---src-pages-index-js-da9ead72fd90357df3c0.js.map"],"children":{},"childAssets":{}},"component---src-pages-search-js":{"chunks":[1,0,2,14],"assets":["styles.c4850a17ff1483ea6d57.css","styles-e9d24b1846c7d6eb9685.js","styles-e9d24b1846c7d6eb9685.js.map","commons-e5cbb1e6134e16510113.js","commons-e5cbb1e6134e16510113.js.map","7a0d45ffd9487b199332a9957a50df80c24434c6-6c759295441ab35c32f6.js","7a0d45ffd9487b199332a9957a50df80c24434c6-6c759295441ab35c32f6.js.map","component---src-pages-search-js-14ec856244e4e9a318e3.js","component---src-pages-search-js-14ec856244e4e9a318e3.js.map"],"children":{},"childAssets":{}},"component---src-pages-work-with-us-js":{"chunks":[1,0,15],"assets":["styles.c4850a17ff1483ea6d57.css","styles-e9d24b1846c7d6eb9685.js","styles-e9d24b1846c7d6eb9685.js.map","commons-e5cbb1e6134e16510113.js","commons-e5cbb1e6134e16510113.js.map","component---src-pages-work-with-us-js-e8aba61d83b713b967f4.js","component---src-pages-work-with-us-js-e8aba61d83b713b967f4.js.map"],"children":{},"childAssets":{}},"component---src-template-catalog-js":{"chunks":[1,0,2,16],"assets":["styles.c4850a17ff1483ea6d57.css","styles-e9d24b1846c7d6eb9685.js","styles-e9d24b1846c7d6eb9685.js.map","commons-e5cbb1e6134e16510113.js","commons-e5cbb1e6134e16510113.js.map","7a0d45ffd9487b199332a9957a50df80c24434c6-6c759295441ab35c32f6.js","7a0d45ffd9487b199332a9957a50df80c24434c6-6c759295441ab35c32f6.js.map","component---src-template-catalog-js-739927eb48415a4d1194.js","component---src-template-catalog-js-739927eb48415a4d1194.js.map"],"children":{},"childAssets":{}},"component---src-template-materials-js":{"chunks":[1,0,2,17],"assets":["styles.c4850a17ff1483ea6d57.css","styles-e9d24b1846c7d6eb9685.js","styles-e9d24b1846c7d6eb9685.js.map","commons-e5cbb1e6134e16510113.js","commons-e5cbb1e6134e16510113.js.map","7a0d45ffd9487b199332a9957a50df80c24434c6-6c759295441ab35c32f6.js","7a0d45ffd9487b199332a9957a50df80c24434c6-6c759295441ab35c32f6.js.map","component---src-template-materials-js-3e06a8d60daf98f4d23f.js","component---src-template-materials-js-3e06a8d60daf98f4d23f.js.map"],"children":{},"childAssets":{}},"component---src-template-product-card-js":{"chunks":[1,0,2,3,18],"assets":["styles.c4850a17ff1483ea6d57.css","styles-e9d24b1846c7d6eb9685.js","styles-e9d24b1846c7d6eb9685.js.map","commons-e5cbb1e6134e16510113.js","commons-e5cbb1e6134e16510113.js.map","7a0d45ffd9487b199332a9957a50df80c24434c6-6c759295441ab35c32f6.js","7a0d45ffd9487b199332a9957a50df80c24434c6-6c759295441ab35c32f6.js.map","0c34514786092e90aee5d92ab90093307bf0e43c-9b952a6d9d0234776559.js","0c34514786092e90aee5d92ab90093307bf0e43c-9b952a6d9d0234776559.js.map","component---src-template-product-card-js-835b2ef7fa414c7febbe.js","component---src-template-product-card-js-835b2ef7fa414c7febbe.js.map"],"children":{},"childAssets":{}}},"assetsByChunkName":{"polyfill":["webpack-runtime-84ae519dca20717751b0.js","commons-e5cbb1e6134e16510113.js","polyfill-8cadd1e9b2af345fcfaa.js"],"app":["webpack-runtime-84ae519dca20717751b0.js","styles.c4850a17ff1483ea6d57.css","styles-e9d24b1846c7d6eb9685.js","framework-ba40f9a3aba7ac20e79d.js","app-d78a5ce8e21fe564e8ae.js"],"component---src-pages-404-js":["commons-e5cbb1e6134e16510113.js","component---src-pages-404-js-bef249b8aa8f6b31ca62.js"],"component---src-pages-cases-js":["styles.c4850a17ff1483ea6d57.css","styles-e9d24b1846c7d6eb9685.js","commons-e5cbb1e6134e16510113.js","7a0d45ffd9487b199332a9957a50df80c24434c6-6c759295441ab35c32f6.js","component---src-pages-cases-js-7b06c72c34ebad5d1445.js"],"component---src-pages-catalogsd-js":["styles.c4850a17ff1483ea6d57.css","styles-e9d24b1846c7d6eb9685.js","commons-e5cbb1e6134e16510113.js","7a0d45ffd9487b199332a9957a50df80c24434c6-6c759295441ab35c32f6.js","component---src-pages-catalogsd-js-0da536330f9b627ab636.js"],"component---src-pages-company-js":["styles.c4850a17ff1483ea6d57.css","styles-e9d24b1846c7d6eb9685.js","commons-e5cbb1e6134e16510113.js","7a0d45ffd9487b199332a9957a50df80c24434c6-6c759295441ab35c32f6.js","0c34514786092e90aee5d92ab90093307bf0e43c-9b952a6d9d0234776559.js","component---src-pages-company-js-f57293ec07752498c5b2.js"],"component---src-pages-contacts-js":["styles.c4850a17ff1483ea6d57.css","styles-e9d24b1846c7d6eb9685.js","commons-e5cbb1e6134e16510113.js","component---src-pages-contacts-js-1c357a14ba9740aac059.js"],"component---src-pages-get-price-js":["styles.c4850a17ff1483ea6d57.css","styles-e9d24b1846c7d6eb9685.js","commons-e5cbb1e6134e16510113.js","component---src-pages-get-price-js-f0a83844e47eadec9226.js"],"component---src-pages-ignored-page-js":["commons-e5cbb1e6134e16510113.js","component---src-pages-ignored-page-js-ee8388a2dc42d8ff627a.js"],"component---src-pages-index-js":["styles.c4850a17ff1483ea6d57.css","styles-e9d24b1846c7d6eb9685.js","commons-e5cbb1e6134e16510113.js","7a0d45ffd9487b199332a9957a50df80c24434c6-6c759295441ab35c32f6.js","component---src-pages-index-js-da9ead72fd90357df3c0.js"],"component---src-pages-search-js":["styles.c4850a17ff1483ea6d57.css","styles-e9d24b1846c7d6eb9685.js","commons-e5cbb1e6134e16510113.js","7a0d45ffd9487b199332a9957a50df80c24434c6-6c759295441ab35c32f6.js","component---src-pages-search-js-14ec856244e4e9a318e3.js"],"component---src-pages-work-with-us-js":["styles.c4850a17ff1483ea6d57.css","styles-e9d24b1846c7d6eb9685.js","commons-e5cbb1e6134e16510113.js","component---src-pages-work-with-us-js-e8aba61d83b713b967f4.js"],"component---src-template-catalog-js":["styles.c4850a17ff1483ea6d57.css","styles-e9d24b1846c7d6eb9685.js","commons-e5cbb1e6134e16510113.js","7a0d45ffd9487b199332a9957a50df80c24434c6-6c759295441ab35c32f6.js","component---src-template-catalog-js-739927eb48415a4d1194.js"],"component---src-template-materials-js":["styles.c4850a17ff1483ea6d57.css","styles-e9d24b1846c7d6eb9685.js","commons-e5cbb1e6134e16510113.js","7a0d45ffd9487b199332a9957a50df80c24434c6-6c759295441ab35c32f6.js","component---src-template-materials-js-3e06a8d60daf98f4d23f.js"],"component---src-template-product-card-js":["styles.c4850a17ff1483ea6d57.css","styles-e9d24b1846c7d6eb9685.js","commons-e5cbb1e6134e16510113.js","7a0d45ffd9487b199332a9957a50df80c24434c6-6c759295441ab35c32f6.js","0c34514786092e90aee5d92ab90093307bf0e43c-9b952a6d9d0234776559.js","component---src-template-product-card-js-835b2ef7fa414c7febbe.js"]}}