{"data":{"allStrapiCategorie":{"edges":[{"node":{"id":"Categorie_1","strapiId":1,"titolo_en":"Windows","titolo_bg":"Прозорци","titolo_ge":"Fenster","titolo_it":"Finestre","slug":"windows","sub_categories":[{"Titolo_en":"PVC","Titolo_bg":"PVC","Titolo_ge":"PVC","Titolo_it":"PVC","slug":"pvc"},{"Titolo_en":"Aluminum","Titolo_bg":"Алуминий","Titolo_ge":"Aluminium","Titolo_it":"Alluminio","slug":"aluminum"},{"Titolo_en":"Wood","Titolo_bg":"Дърво","Titolo_ge":"Holz","Titolo_it":"Legno","slug":"wood"}]}},{"node":{"id":"Categorie_2","strapiId":2,"titolo_en":"Sliding","titolo_bg":"Плъзгане","titolo_ge":"Rutschen","titolo_it":"Scorrevoli","slug":"sliding","sub_categories":[]}},{"node":{"id":"Categorie_3","strapiId":3,"titolo_en":"Doors","titolo_bg":"Врати","titolo_ge":"Türen","titolo_it":"Porte","slug":"doors","sub_categories":[]}},{"node":{"id":"Categorie_4","strapiId":4,"titolo_en":"Mosquito nets","titolo_bg":"Комарници","titolo_ge":"Mückennetz","titolo_it":"Zanzariere","slug":"mosquito-nets","sub_categories":[]}},{"node":{"id":"Categorie_5","strapiId":5,"titolo_en":"Shutters","titolo_bg":"Щори","titolo_ge":"Fensterläden","titolo_it":"Persiane","slug":"shutters","sub_categories":[]}},{"node":{"id":"Categorie_6","strapiId":6,"titolo_en":"Dumpster","titolo_bg":"Бунище","titolo_ge":"Müllcontainer","titolo_it":"Cassonetto","slug":"dumpster","sub_categories":[]}},{"node":{"id":"Categorie_7","strapiId":7,"titolo_en":"Shutters","titolo_bg":"Капаци","titolo_ge":"Fensterläden","titolo_it":"Tapparelle","slug":"shutters-1","sub_categories":[]}}]}}}